{
  "config": {
    "n_examples": 408,
    "clean_test_only": false,
    "smoke": false,
    "avg_sentences_per_example": 5.936274509803922
  },
  "per_label_set": {
    "label_pp": {
      "response_s4": {
        "n": 408,
        "pos_rate": 0.7475490196078431,
        "threshold": 0.05,
        "f1": 0.7891156462585034,
        "precision": 0.8197879858657244,
        "recall": 0.760655737704918,
        "auroc": 0.67636479388827,
        "auprc": 0.8471188779193224,
        "brier": 0.43232193556372556,
        "dropped_for_missing": 0
      },
      "sent_max": {
        "n": 408,
        "pos_rate": 0.7475490196078431,
        "threshold": 0.05,
        "f1": 0.8190184049079755,
        "precision": 0.7694524495677233,
        "recall": 0.8754098360655738,
        "auroc": 0.5763966258156931,
        "auprc": 0.7821665336856309,
        "brier": 0.3583547927446432,
        "dropped_for_missing": 0
      },
      "sent_mean": {
        "n": 408,
        "pos_rate": 0.7475490196078431,
        "threshold": 0.05,
        "f1": 0.7934959349593496,
        "precision": 0.7870967741935484,
        "recall": 0.8,
        "auroc": 0.5690116186535095,
        "auprc": 0.7695732471801621,
        "brier": 0.4590445533402051,
        "dropped_for_missing": 0
      },
      "sent_top2_mean": {
        "n": 408,
        "pos_rate": 0.7475490196078431,
        "threshold": 0.05,
        "f1": 0.8081123244929798,
        "precision": 0.7708333333333334,
        "recall": 0.8491803278688524,
        "auroc": 0.5753461722107274,
        "auprc": 0.7757579335447591,
        "brier": 0.38727077300813856,
        "dropped_for_missing": 0
      },
      "sent_noisy_or": {
        "n": 408,
        "pos_rate": 0.7475490196078431,
        "threshold": 0.05,
        "f1": 0.8451519536903039,
        "precision": 0.7564766839378239,
        "recall": 0.9573770491803278,
        "auroc": 0.5769377685818876,
        "auprc": 0.7886474615205675,
        "brier": 0.2902601331191896,
        "dropped_for_missing": 0
      }
    },
    "label_orig": {
      "response_s4": {
        "n": 408,
        "pos_rate": 0.1568627450980392,
        "threshold": 0.39999999999999997,
        "f1": 0.4375,
        "precision": 0.328125,
        "recall": 0.65625,
        "auroc": 0.7544513081395349,
        "auprc": 0.38457735414190186,
        "brier": 0.18142144536764704,
        "dropped_for_missing": 0
      },
      "sent_max": {
        "n": 408,
        "pos_rate": 0.1568627450980392,
        "threshold": 0.2,
        "f1": 0.3413173652694611,
        "precision": 0.2111111111111111,
        "recall": 0.890625,
        "auroc": 0.6457122093023256,
        "auprc": 0.2385845078677322,
        "brier": 0.2915990706001707,
        "dropped_for_missing": 0
      },
      "sent_mean": {
        "n": 408,
        "pos_rate": 0.1568627450980392,
        "threshold": 0.1,
        "f1": 0.3100303951367781,
        "precision": 0.19245283018867926,
        "recall": 0.796875,
        "auroc": 0.5902979651162791,
        "auprc": 0.18749001633127196,
        "brier": 0.20623893912950786,
        "dropped_for_missing": 0
      },
      "sent_top2_mean": {
        "n": 408,
        "pos_rate": 0.1568627450980392,
        "threshold": 0.2,
        "f1": 0.3364485981308411,
        "precision": 0.21011673151750973,
        "recall": 0.84375,
        "auroc": 0.6210483284883721,
        "auprc": 0.20788812176701357,
        "brier": 0.25206903483096077,
        "dropped_for_missing": 0
      },
      "sent_noisy_or": {
        "n": 408,
        "pos_rate": 0.1568627450980392,
        "threshold": 0.44999999999999996,
        "f1": 0.3375,
        "precision": 0.2109375,
        "recall": 0.84375,
        "auroc": 0.6252725290697674,
        "auprc": 0.220778216569234,
        "brier": 0.434127942498219,
        "dropped_for_missing": 0
      }
    }
  }
}