{
  "config": {
    "n_examples": 402,
    "clean_test_only": true,
    "smoke": false,
    "avg_sentences_per_example": 5.965174129353234
  },
  "per_label_set": {
    "label_pp": {
      "response_s4": {
        "n": 402,
        "pos_rate": 0.7487562189054726,
        "threshold": 0.05,
        "f1": 0.7924528301886793,
        "precision": 0.8191489361702128,
        "recall": 0.7674418604651163,
        "auroc": 0.6755698825696523,
        "auprc": 0.8467604748300777,
        "brier": 0.43152402579602,
        "dropped_for_missing": 0
      },
      "sent_max": {
        "n": 402,
        "pos_rate": 0.7487562189054726,
        "threshold": 0.05,
        "f1": 0.8222565687789799,
        "precision": 0.7687861271676301,
        "recall": 0.8837209302325582,
        "auroc": 0.5728758922403868,
        "auprc": 0.7814305513689186,
        "brier": 0.35649754270301826,
        "dropped_for_missing": 0
      },
      "sent_mean": {
        "n": 402,
        "pos_rate": 0.7487562189054726,
        "threshold": 0.05,
        "f1": 0.7967213114754098,
        "precision": 0.7864077669902912,
        "recall": 0.8073089700996677,
        "auroc": 0.5658859905924147,
        "auprc": 0.7691222866660403,
        "brier": 0.4578206088174469,
        "dropped_for_missing": 0
      },
      "sent_top2_mean": {
        "n": 402,
        "pos_rate": 0.7487562189054726,
        "threshold": 0.05,
        "f1": 0.8113207547169812,
        "precision": 0.7701492537313432,
        "recall": 0.8571428571428571,
        "auroc": 0.5721686786618861,
        "auprc": 0.775286405922428,
        "brier": 0.3856573238789772,
        "dropped_for_missing": 0
      },
      "sent_noisy_or": {
        "n": 402,
        "pos_rate": 0.7487562189054726,
        "threshold": 0.05,
        "f1": 0.8483965014577259,
        "precision": 0.7558441558441559,
        "recall": 0.9667774086378738,
        "auroc": 0.5729910200322358,
        "auprc": 0.7873911370262674,
        "brier": 0.2874044537292617,
        "dropped_for_missing": 0
      }
    },
    "label_orig": {
      "response_s4": {
        "n": 402,
        "pos_rate": 0.15920398009950248,
        "threshold": 0.39999999999999997,
        "f1": 0.4397905759162304,
        "precision": 0.33070866141732286,
        "recall": 0.65625,
        "auroc": 0.7526812130177515,
        "auprc": 0.3898774665937496,
        "brier": 0.181763329278607,
        "dropped_for_missing": 0
      },
      "sent_max": {
        "n": 402,
        "pos_rate": 0.15920398009950248,
        "threshold": 0.2,
        "f1": 0.34234234234234234,
        "precision": 0.21189591078066913,
        "recall": 0.890625,
        "auroc": 0.6419656065088758,
        "auprc": 0.23990624932325838,
        "brier": 0.29386356430084104,
        "dropped_for_missing": 0
      },
      "sent_mean": {
        "n": 402,
        "pos_rate": 0.15920398009950248,
        "threshold": 0.1,
        "f1": 0.31097560975609756,
        "precision": 0.19318181818181818,
        "recall": 0.796875,
        "auroc": 0.5852903106508875,
        "auprc": 0.18816012233679924,
        "brier": 0.20890934066774605,
        "dropped_for_missing": 0
      },
      "sent_top2_mean": {
        "n": 402,
        "pos_rate": 0.15920398009950248,
        "threshold": 0.2,
        "f1": 0.3375,
        "precision": 0.2109375,
        "recall": 0.84375,
        "auroc": 0.6166327662721893,
        "auprc": 0.20881009124873748,
        "brier": 0.25456424430724,
        "dropped_for_missing": 0
      },
      "sent_noisy_or": {
        "n": 402,
        "pos_rate": 0.15920398009950248,
        "threshold": 0.44999999999999996,
        "f1": 0.3385579937304075,
        "precision": 0.21176470588235294,
        "recall": 0.84375,
        "auroc": 0.6213942307692307,
        "auprc": 0.22270794285539902,
        "brier": 0.4381156227946387,
        "dropped_for_missing": 0
      }
    }
  }
}