{
  "config": {
    "fusion_threshold": 0.39999999999999997,
    "minicheck_threshold": 0.85,
    "n_test": 2700,
    "fusion_test_f1": 0.7095238095238096,
    "fusion_test_auroc": 0.8619211987076689,
    "minicheck_test_f1": 0.7353244078269825,
    "minicheck_test_auroc": 0.8754365962901915
  },
  "buckets": {
    "both_correct": {
      "n": 1817,
      "pct_of_all": 0.672962962962963,
      "pos_rate": 0.34177215189873417,
      "by_task_type": {
        "Data2txt": {
          "count": 637,
          "pct": 0.35057787561915243
        },
        "QA": {
          "count": 589,
          "pct": 0.32416070445789763
        },
        "Summary": {
          "count": 591,
          "pct": 0.32526141992294993
        }
      },
      "by_model": {
        "gpt-3.5-turbo-0613": {
          "count": 350,
          "pct": 0.1926252063841497
        },
        "gpt-4-0613": {
          "count": 359,
          "pct": 0.19757842597688496
        },
        "llama-2-13b-chat": {
          "count": 282,
          "pct": 0.15520088057237205
        },
        "llama-2-70b-chat": {
          "count": 290,
          "pct": 0.15960374243258119
        },
        "llama-2-7b-chat": {
          "count": 256,
          "pct": 0.14089157952669235
        },
        "mistral-7B-instruct": {
          "count": 280,
          "pct": 0.15410016510731975
        }
      },
      "by_subtype": {
        "baseless_info": {
          "count": 315,
          "pct": 0.17336268574573474
        },
        "evident_conflict": {
          "count": 162,
          "pct": 0.089157952669235
        },
        "mixed": {
          "count": 144,
          "pct": 0.07925151348376444
        },
        "none": {
          "count": 1196,
          "pct": 0.6582278481012658
        }
      },
      "by_answer_len_q": {
        "Q1": {
          "count": 501,
          "pct": 0.27572922399559713
        },
        "Q2": {
          "count": 465,
          "pct": 0.25591634562465604
        },
        "Q3": {
          "count": 405,
          "pct": 0.22289488167308752
        },
        "Q4": {
          "count": 446,
          "pct": 0.24545954870665934
        }
      },
      "by_context_len_q": {
        "Q1": {
          "count": 449,
          "pct": 0.24711062190423774
        },
        "Q2": {
          "count": 476,
          "pct": 0.2619702806824436
        },
        "Q3": {
          "count": 474,
          "pct": 0.2608695652173913
        },
        "Q4": {
          "count": 418,
          "pct": 0.23004953219592736
        }
      }
    },
    "both_wrong": {
      "n": 241,
      "pct_of_all": 0.08925925925925926,
      "pos_rate": 0.43568464730290457,
      "by_task_type": {
        "Data2txt": {
          "count": 93,
          "pct": 0.38589211618257263
        },
        "QA": {
          "count": 82,
          "pct": 0.34024896265560167
        },
        "Summary": {
          "count": 66,
          "pct": 0.27385892116182575
        }
      },
      "by_model": {
        "gpt-3.5-turbo-0613": {
          "count": 33,
          "pct": 0.13692946058091288
        },
        "gpt-4-0613": {
          "count": 25,
          "pct": 0.1037344398340249
        },
        "llama-2-13b-chat": {
          "count": 43,
          "pct": 0.17842323651452283
        },
        "llama-2-70b-chat": {
          "count": 53,
          "pct": 0.21991701244813278
        },
        "llama-2-7b-chat": {
          "count": 50,
          "pct": 0.2074688796680498
        },
        "mistral-7B-instruct": {
          "count": 37,
          "pct": 0.15352697095435686
        }
      },
      "by_subtype": {
        "baseless_info": {
          "count": 39,
          "pct": 0.16182572614107885
        },
        "evident_conflict": {
          "count": 62,
          "pct": 0.2572614107883817
        },
        "mixed": {
          "count": 4,
          "pct": 0.016597510373443983
        },
        "none": {
          "count": 136,
          "pct": 0.5643153526970954
        }
      },
      "by_answer_len_q": {
        "Q1": {
          "count": 45,
          "pct": 0.18672199170124482
        },
        "Q2": {
          "count": 49,
          "pct": 0.2033195020746888
        },
        "Q3": {
          "count": 70,
          "pct": 0.29045643153526973
        },
        "Q4": {
          "count": 77,
          "pct": 0.31950207468879666
        }
      },
      "by_context_len_q": {
        "Q1": {
          "count": 61,
          "pct": 0.25311203319502074
        },
        "Q2": {
          "count": 55,
          "pct": 0.22821576763485477
        },
        "Q3": {
          "count": 72,
          "pct": 0.2987551867219917
        },
        "Q4": {
          "count": 53,
          "pct": 0.21991701244813278
        }
      }
    },
    "lightweight_wins": {
      "n": 273,
      "pct_of_all": 0.10111111111111111,
      "pos_rate": 0.4542124542124542,
      "by_task_type": {
        "Data2txt": {
          "count": 83,
          "pct": 0.304029304029304
        },
        "QA": {
          "count": 128,
          "pct": 0.46886446886446886
        },
        "Summary": {
          "count": 62,
          "pct": 0.2271062271062271
        }
      },
      "by_model": {
        "gpt-3.5-turbo-0613": {
          "count": 27,
          "pct": 0.0989010989010989
        },
        "gpt-4-0613": {
          "count": 22,
          "pct": 0.08058608058608059
        },
        "llama-2-13b-chat": {
          "count": 55,
          "pct": 0.20146520146520147
        },
        "llama-2-70b-chat": {
          "count": 48,
          "pct": 0.17582417582417584
        },
        "llama-2-7b-chat": {
          "count": 59,
          "pct": 0.21611721611721613
        },
        "mistral-7B-instruct": {
          "count": 62,
          "pct": 0.2271062271062271
        }
      },
      "by_subtype": {
        "baseless_info": {
          "count": 64,
          "pct": 0.23443223443223443
        },
        "evident_conflict": {
          "count": 49,
          "pct": 0.1794871794871795
        },
        "mixed": {
          "count": 11,
          "pct": 0.040293040293040296
        },
        "none": {
          "count": 149,
          "pct": 0.5457875457875457
        }
      },
      "by_answer_len_q": {
        "Q1": {
          "count": 58,
          "pct": 0.21245421245421245
        },
        "Q2": {
          "count": 59,
          "pct": 0.21611721611721613
        },
        "Q3": {
          "count": 92,
          "pct": 0.336996336996337
        },
        "Q4": {
          "count": 64,
          "pct": 0.23443223443223443
        }
      },
      "by_context_len_q": {
        "Q1": {
          "count": 92,
          "pct": 0.336996336996337
        },
        "Q2": {
          "count": 67,
          "pct": 0.2454212454212454
        },
        "Q3": {
          "count": 53,
          "pct": 0.19413919413919414
        },
        "Q4": {
          "count": 61,
          "pct": 0.22344322344322345
        }
      }
    },
    "minicheck_wins": {
      "n": 369,
      "pct_of_all": 0.13666666666666666,
      "pos_rate": 0.25203252032520324,
      "by_task_type": {
        "Data2txt": {
          "count": 87,
          "pct": 0.23577235772357724
        },
        "QA": {
          "count": 101,
          "pct": 0.27371273712737126
        },
        "Summary": {
          "count": 181,
          "pct": 0.4905149051490515
        }
      },
      "by_model": {
        "gpt-3.5-turbo-0613": {
          "count": 40,
          "pct": 0.10840108401084012
        },
        "gpt-4-0613": {
          "count": 44,
          "pct": 0.11924119241192412
        },
        "llama-2-13b-chat": {
          "count": 70,
          "pct": 0.1897018970189702
        },
        "llama-2-70b-chat": {
          "count": 59,
          "pct": 0.15989159891598917
        },
        "llama-2-7b-chat": {
          "count": 85,
          "pct": 0.23035230352303523
        },