{
  "config": {
    "fusion_threshold": 0.44999999999999996,
    "minicheck_threshold": 0.85,
    "n_test": 2700,
    "fusion_test_f1": 0.7261330761812922,
    "fusion_test_auroc": 0.874941077984683,
    "minicheck_test_f1": 0.7353244078269825,
    "minicheck_test_auroc": 0.8754365962901915
  },
  "buckets": {
    "both_correct": {
      "n": 1850,
      "pct_of_all": 0.6851851851851852,
      "pos_rate": 0.3389189189189189,
      "by_task_type": {
        "Data2txt": {
          "count": 650,
          "pct": 0.35135135135135137
        },
        "QA": {
          "count": 577,
          "pct": 0.31189189189189187
        },
        "Summary": {
          "count": 623,
          "pct": 0.33675675675675676
        }
      },
      "by_model": {
        "gpt-3.5-turbo-0613": {
          "count": 371,
          "pct": 0.20054054054054055
        },
        "gpt-4-0613": {
          "count": 387,
          "pct": 0.2091891891891892
        },
        "llama-2-13b-chat": {
          "count": 282,
          "pct": 0.15243243243243243
        },
        "llama-2-70b-chat": {
          "count": 295,
          "pct": 0.15945945945945947
        },
        "llama-2-7b-chat": {
          "count": 256,
          "pct": 0.13837837837837838
        },
        "mistral-7B-instruct": {
          "count": 259,
          "pct": 0.14
        }
      },
      "by_subtype": {
        "baseless_info": {
          "count": 317,
          "pct": 0.17135135135135135
        },
        "evident_conflict": {
          "count": 165,
          "pct": 0.0891891891891892
        },
        "mixed": {
          "count": 145,
          "pct": 0.07837837837837838
        },
        "none": {
          "count": 1223,
          "pct": 0.6610810810810811
        }
      },
      "by_answer_len_q": {
        "Q1": {
          "count": 495,
          "pct": 0.26756756756756755
        },
        "Q2": {
          "count": 477,
          "pct": 0.2578378378378378
        },
        "Q3": {
          "count": 415,
          "pct": 0.22432432432432434
        },
        "Q4": {
          "count": 463,
          "pct": 0.25027027027027027
        }
      },
      "by_context_len_q": {
        "Q1": {
          "count": 445,
          "pct": 0.24054054054054055
        },
        "Q2": {
          "count": 478,
          "pct": 0.2583783783783784
        },
        "Q3": {
          "count": 482,
          "pct": 0.26054054054054054
        },
        "Q4": {
          "count": 445,
          "pct": 0.24054054054054055
        }
      }
    },
    "both_wrong": {
      "n": 232,
      "pct_of_all": 0.08592592592592592,
      "pos_rate": 0.44396551724137934,
      "by_task_type": {
        "Data2txt": {
          "count": 94,
          "pct": 0.4051724137931034
        },
        "QA": {
          "count": 82,
          "pct": 0.35344827586206895
        },
        "Summary": {
          "count": 56,
          "pct": 0.2413793103448276
        }
      },
      "by_model": {
        "gpt-3.5-turbo-0613": {
          "count": 30,
          "pct": 0.12931034482758622
        },
        "gpt-4-0613": {
          "count": 26,
          "pct": 0.11206896551724138
        },
        "llama-2-13b-chat": {
          "count": 44,
          "pct": 0.1896551724137931
        },
        "llama-2-70b-chat": {
          "count": 51,
          "pct": 0.21982758620689655
        },
        "llama-2-7b-chat": {
          "count": 52,
          "pct": 0.22413793103448276
        },
        "mistral-7B-instruct": {
          "count": 29,
          "pct": 0.125
        }
      },
      "by_subtype": {
        "baseless_info": {
          "count": 39,
          "pct": 0.16810344827586207
        },
        "evident_conflict": {
          "count": 60,
          "pct": 0.25862068965517243
        },
        "mixed": {
          "count": 4,
          "pct": 0.017241379310344827
        },
        "none": {
          "count": 129,
          "pct": 0.5560344827586207
        }
      },
      "by_answer_len_q": {
        "Q1": {
          "count": 42,
          "pct": 0.1810344827586207
        },
        "Q2": {
          "count": 43,
          "pct": 0.1853448275862069
        },
        "Q3": {
          "count": 69,
          "pct": 0.2974137931034483
        },
        "Q4": {
          "count": 78,
          "pct": 0.33620689655172414
        }
      },
      "by_context_len_q": {
        "Q1": {
          "count": 61,
          "pct": 0.2629310344827586
        },
        "Q2": {
          "count": 51,
          "pct": 0.21982758620689655
        },
        "Q3": {
          "count": 69,
          "pct": 0.2974137931034483
        },
        "Q4": {
          "count": 51,
          "pct": 0.21982758620689655
        }
      }
    },
    "lightweight_wins": {
      "n": 282,
      "pct_of_all": 0.10444444444444445,
      "pos_rate": 0.44680851063829785,
      "by_task_type": {
        "Data2txt": {
          "count": 82,
          "pct": 0.2907801418439716
        },
        "QA": {
          "count": 128,
          "pct": 0.45390070921985815
        },
        "Summary": {
          "count": 72,
          "pct": 0.2553191489361702
        }
      },
      "by_model": {
        "gpt-3.5-turbo-0613": {
          "count": 30,
          "pct": 0.10638297872340426
        },
        "gpt-4-0613": {
          "count": 21,
          "pct": 0.07446808510638298
        },
        "llama-2-13b-chat": {
          "count": 54,
          "pct": 0.19148936170212766
        },
        "llama-2-70b-chat": {
          "count": 50,
          "pct": 0.1773049645390071
        },
        "llama-2-7b-chat": {
          "count": 57,
          "pct": 0.20212765957446807
        },
        "mistral-7B-instruct": {
          "count": 70,
          "pct": 0.24822695035460993
        }
      },
      "by_subtype": {
        "baseless_info": {
          "count": 64,
          "pct": 0.22695035460992907
        },
        "evident_conflict": {
          "count": 51,
          "pct": 0.18085106382978725
        },
        "mixed": {
          "count": 11,
          "pct": 0.03900709219858156
        },
        "none": {
          "count": 156,
          "pct": 0.5531914893617021
        }
      },
      "by_answer_len_q": {
        "Q1": {
          "count": 61,
          "pct": 0.21631205673758866
        },
        "Q2": {
          "count": 65,
          "pct": 0.23049645390070922
        },
        "Q3": {
          "count": 93,
          "pct": 0.32978723404255317
        },
        "Q4": {
          "count": 63,
          "pct": 0.22340425531914893
        }
      },
      "by_context_len_q": {
        "Q1": {
          "count": 92,
          "pct": 0.3262411347517731
        },
        "Q2": {
          "count": 71,
          "pct": 0.25177304964539005
        },
        "Q3": {
          "count": 56,
          "pct": 0.19858156028368795
        },
        "Q4": {
          "count": 63,
          "pct": 0.22340425531914893
        }
      }
    },
    "minicheck_wins": {
      "n": 336,
      "pct_of_all": 0.12444444444444444,
      "pos_rate": 0.25892857142857145,
      "by_task_type": {
        "Data2txt": {
          "count": 74,
          "pct": 0.22023809523809523
        },
        "QA": {
          "count": 113,
          "pct": 0.33630952380952384
        },
        "Summary": {
          "count": 149,
          "pct": 0.44345238095238093
        }
      },
      "by_model": {
        "gpt-3.5-turbo-0613": {
          "count": 19,
          "pct": 0.05654761904761905
        },
        "gpt-4-0613": {
          "count": 16,
          "pct": 0.047619047619047616
        },
        "llama-2-13b-chat": {
          "count": 70,
          "pct": 0.20833333333333334
        },
        "llama-2-70b-chat": {
          "count": 54,
          "pct": 0.16071428571428573
        },
        "llama-2-7b-chat": {
          "count": 85,
          "pct": 0.25297619047619047
        },
        "mistral-7B-instruct": {
          "count": 92,